Nodo, dir, valor
2, 0, 3333.3333333333335
3, 0, 3333.3333333333335
6, 0, 3333.3333333333335
